company_id,risk_number,materiality_score,emphasis_score,ddi_score
lohiacorp,1,60.0,80.0,-20.0
lohiacorp,2,100.0,49.43,50.57
lohiacorp,3,30.0,78.85,-48.85
lohiacorp,4,55.0,78.28,-23.28
lohiacorp,5,45.0,77.7,-32.7
lohiacorp,6,75.0,47.13,27.87
lohiacorp,7,0.0,85.89,-85.89
lohiacorp,8,50.0,49.78,0.22
lohiacorp,9,100.0,75.4,24.6
lohiacorp,10,30.0,74.83,-44.83
lohiacorp,11,95.0,74.25,20.75
lohiacorp,12,45.0,43.68,1.32
lohiacorp,13,30.0,75.37,-45.37
lohiacorp,14,0.0,46.8,-46.8
lohiacorp,15,95.0,71.95,23.05
lohiacorp,16,0.0,41.38,-41.38
lohiacorp,17,15.0,40.8,-25.8
lohiacorp,18,100.0,70.23,29.77
lohiacorp,19,95.0,39.66,55.34
lohiacorp,20,65.0,39.08,25.92
lohiacorp,21,80.0,70.04,9.96
lohiacorp,22,75.0,67.93,7.07
lohiacorp,23,75.0,71.69,3.31
lohiacorp,24,0.0,38.78,-38.78
lohiacorp,25,95.0,66.21,28.79
lohiacorp,26,0.0,75.5,-75.5
lohiacorp,27,50.0,65.99,-15.99
lohiacorp,28,30.0,66.68,-36.68
lohiacorp,29,0.0,63.91,-63.91
lohiacorp,30,15.0,63.33,-48.33
lohiacorp,31,85.0,62.76,22.24
lohiacorp,32,15.0,68.65,-53.65
lohiacorp,33,15.0,61.61,-46.61
lohiacorp,34,0.0,61.03,-61.03
lohiacorp,35,45.0,60.46,-15.46
lohiacorp,36,50.0,37.42,12.58
lohiacorp,37,30.0,59.31,-29.31
lohiacorp,38,90.0,65.47,24.53
lohiacorp,39,75.0,58.16,16.84
lohiacorp,40,100.0,57.59,42.41
lohiacorp,41,90.0,57.01,32.99
lohiacorp,42,75.0,56.44,18.56
lohiacorp,43,30.0,32.0,-2.0
lohiacorp,44,30.0,66.69,-36.69
lohiacorp,45,0.0,60.91,-60.91
lohiacorp,46,0.0,54.14,-54.14
lohiacorp,47,65.0,61.63,3.37
lohiacorp,48,0.0,54.99,-54.99
lohiacorp,49,45.0,63.01,-18.01
lohiacorp,50,15.0,34.51,-19.51
lohiacorp,51,55.0,51.26,3.74
lohiacorp,52,15.0,59.62,-44.62
lohiacorp,53,30.0,63.38,-33.38
lohiacorp,54,100.0,52.27,47.73
lohiacorp,55,0.0,33.3,-33.3
lohiacorp,56,0.0,53.86,-53.86
lohiacorp,57,95.0,17.82,77.18
lohiacorp,58,30.0,47.24,-17.24
lohiacorp,59,15.0,59.67,-44.67
lohiacorp,60,0.0,49.09,-49.09
lohiacorp,61,50.0,19.85,30.15
lohiacorp,62,0.0,15.81,-15.81
lohiacorp,63,45.0,14.37,30.63
lohiacorp,64,0.0,30.33,-30.33
lohiacorp,65,30.0,13.22,16.78
lohiacorp,66,0.0,12.64,-12.64
lohiacorp,67,30.0,49.27,-19.27
lohiacorp,68,45.0,11.49,33.51
lohiacorp,69,50.0,40.92,9.08
lohiacorp,70,30.0,10.34,19.66
lohiacorp,71,15.0,20.44,-5.44
lohiacorp,72,15.0,14.6,0.4
lohiacorp,73,30.0,19.35,10.65
lohiacorp,74,45.0,8.05,36.95
lohiacorp,75,0.0,12.67,-12.67
lohiacorp,76,15.0,12.3,2.7
lohiacorp,77,15.0,6.32,8.68
lohiacorp,78,30.0,18.08,11.92
lohiacorp,79,0.0,7.31,-7.31
lohiacorp,80,15.0,18.0,-3.0
lohiacorp,81,45.0,4.02,40.98
lohiacorp,82,15.0,3.45,11.55
lohiacorp,83,0.0,11.41,-11.41
lohiacorp,84,0.0,11.03,-11.03
lohiacorp,85,30.0,12.06,17.94
lohiacorp,86,15.0,17.35,-2.35
lohiacorp,87,0.0,38.57,-38.57
paytm,1,100.0,80.0,20.0
paytm,2,100.0,81.85,18.15
paytm,3,0.0,79.7,-79.7
paytm,4,45.0,86.61,-41.61
paytm,5,65.0,47.53,17.47
paytm,6,100.0,76.91,23.09
paytm,7,60.0,46.3,13.7
paytm,8,65.0,75.68,-10.68
paytm,9,85.0,75.06,9.94
paytm,10,60.0,74.44,-14.44
paytm,11,60.0,73.83,-13.83
paytm,12,30.0,73.21,-43.21
paytm,13,45.0,44.33,0.67
paytm,14,30.0,71.98,-41.98
paytm,15,15.0,85.22,-70.22
paytm,16,0.0,70.74,-70.74
paytm,17,45.0,70.12,-25.12
paytm,18,30.0,69.51,-39.51
paytm,19,30.0,38.89,-8.89
paytm,20,15.0,38.27,-23.27
paytm,21,90.0,67.65,22.35
paytm,22,30.0,37.04,-7.04
paytm,23,15.0,42.35,-27.35
paytm,24,45.0,35.8,9.2
paytm,25,45.0,35.19,9.81
paytm,26,65.0,34.57,30.43
paytm,27,0.0,63.95,-63.95
paytm,28,0.0,63.33,-63.33
paytm,29,15.0,62.72,-47.72
paytm,30,0.0,32.1,-32.1
paytm,31,15.0,68.88,-53.88
paytm,32,0.0,67.73,-67.73
paytm,33,100.0,60.25,39.75
paytm,34,60.0,59.63,0.37
paytm,35,100.0,29.01,70.99
paytm,36,30.0,64.06,-34.06
paytm,37,60.0,27.78,32.22
paytm,38,45.0,60.56,-15.56
paytm,39,30.0,34.61,-4.61
paytm,40,30.0,25.93,4.07
paytm,41,45.0,27.31,17.69
paytm,42,65.0,24.69,40.31
paytm,43,0.0,59.01,-59.01
paytm,44,0.0,23.46,-23.46
paytm,45,30.0,52.84,-22.84
paytm,46,0.0,59.29,-59.29
paytm,47,0.0,52.4,-52.4
paytm,48,0.0,58.39,-58.39
paytm,49,45.0,52.04,-7.04
paytm,50,15.0,50.55,-35.55
paytm,51,0.0,69.94,-69.94
paytm,52,0.0,40.32,-40.32
paytm,53,0.0,36.43,-36.43
paytm,54,0.0,34.35,-34.35
paytm,55,0.0,38.93,-38.93
paytm,56,0.0,16.05,-16.05
paytm,57,0.0,15.43,-15.43
paytm,58,60.0,14.81,45.19
paytm,59,0.0,14.2,-14.2
paytm,60,0.0,23.65,-23.65
paytm,61,0.0,12.96,-12.96
paytm,62,0.0,12.35,-12.35
paytm,63,0.0,23.33,-23.33
paytm,64,0.0,47.58,-47.58
paytm,65,0.0,40.49,-40.49
paytm,66,15.0,12.94,2.06
paytm,67,15.0,48.33,-33.33
paytm,68,30.0,52.11,-22.11
paytm,69,45.0,40.89,4.11
paytm,70,45.0,11.94,33.06
paytm,71,75.0,6.79,68.21
paytm,72,0.0,12.57,-12.57
paytm,73,15.0,18.96,-3.96
paytm,74,30.0,11.14,18.86
paytm,75,15.0,4.32,10.68
paytm,76,15.0,9.04,5.96
paytm,77,15.0,12.02,2.98
paytm,78,0.0,13.2,-13.2
paytm,79,30.0,11.12,18.88
paytm,80,15.0,17.43,-2.43
paytm,81,0.0,30.62,-30.62
zomato,1,100.0,80.0,20.0
zomato,2,95.0,86.75,8.25
zomato,3,100.0,48.44,51.56
zomato,4,100.0,77.66,22.34
zomato,5,75.0,46.88,28.12
zomato,6,100.0,46.09,53.91
zomato,7,100.0,75.31,24.69
zomato,8,60.0,74.53,-14.53
zomato,9,30.0,49.95,-19.95
zomato,10,60.0,42.97,17.03
zomato,11,45.0,42.19,2.81
zomato,12,15.0,71.41,-56.41
zomato,13,95.0,71.42,23.58
zomato,14,60.0,39.84,20.16
zomato,15,30.0,69.06,-39.06
zomato,16,90.0,72.61,17.39
zomato,17,100.0,67.5,32.5
zomato,18,100.0,36.72,63.28
zomato,19,30.0,78.94,-48.94
zomato,20,0.0,35.56,-35.56
zomato,21,0.0,34.38,-34.38
zomato,22,0.0,71.79,-71.79
zomato,23,0.0,69.95,-69.95
zomato,24,15.0,62.03,-47.03
zomato,25,90.0,31.25,58.75
zomato,26,90.0,37.8,52.2
zomato,27,10.0,65.55,-55.55
zomato,28,15.0,28.91,-13.91
zomato,29,15.0,36.46,-21.46
zomato,30,30.0,35.41,-5.41
zomato,31,45.0,57.83,-12.83
zomato,32,15.0,55.78,-40.78
zomato,33,30.0,55.0,-25.0
zomato,34,45.0,54.22,-9.22
zomato,35,15.0,68.7,-53.7
zomato,36,0.0,64.66,-64.66
zomato,37,30.0,51.88,-21.88
zomato,38,0.0,28.89,-28.89
zomato,39,15.0,23.25,-8.25
zomato,40,100.0,19.53,80.47
zomato,41,0.0,28.82,-28.82
zomato,42,0.0,17.97,-17.97
zomato,43,0.0,17.19,-17.19
zomato,44,15.0,64.21,-49.21
zomato,45,0.0,26.56,-26.56
zomato,46,0.0,44.84,-44.84
zomato,47,0.0,44.06,-44.06
zomato,48,0.0,49.75,-49.75
zomato,49,15.0,51.57,-36.57
zomato,50,0.0,47.39,-47.39
zomato,51,0.0,23.34,-23.34
zomato,52,15.0,53.56,-38.56
zomato,53,45.0,42.24,2.76
zomato,54,45.0,13.59,31.41
zomato,55,75.0,7.81,67.19
zomato,56,0.0,13.43,-13.43
zomato,57,15.0,19.65,-4.65
zomato,58,30.0,11.67,18.33
zomato,59,15.0,4.69,10.31
zomato,60,15.0,9.31,5.69
zomato,61,0.0,12.39,-12.39
zomato,62,0.0,13.08,-13.08
zomato,63,30.0,10.9,19.1
zomato,64,15.0,17.05,-2.05
